"Id";"ExpColor";"DetColor";"ColorSpace";"DetColor1";"DetColor2";"DetColor3";"Distance";"CoverageExpColor";"CoverageDetectedColor";"Environment";"Light";"Brightness"
"1";"blue";"blue";"HSL";"175";"57";"39";"284.05287825718";"60.599911633311";"60.599911633311";"big";"artificial";"0"
"2";"blue";"blue";"RGB";"60";"77";"139";"151.26637815262";"38.655235049186";"38.655235049186";"big";"artificial";"0"
"3";"blue";"blue";"HSL";"187";"41";"42";"286.53506194939";"59.253871403332";"59.253871403332";"big";"artificial";"0"
"4";"blue";"blueGreen";"RGB";"73";"83";"141";"159.09817862362";"18.979708954209";"30.438430819773";"big";"artificial";"0"
"5";"blueGreen";"blueGreen";"HSL";"139";"66";"26";"183.51009420768";"44.426437552796";"44.426437552796";"big";"artificial";"0"
"6";"blueGreen";"black";"RGB";"28";"96";"103";"49.918772587266";"40.073052053397";"49.05953804423";"big";"artificial";"0"
"7";"blueGreen";"blueGreen";"HSL";"136";"48";"39";"180.91463137494";"51.072165565093";"51.072165565093";"big";"artificial";"0"
"8";"blueGreen";"blueGreen";"RGB";"69";"127";"131";"68.778846300986";"48.67678500994";"48.67678500994";"big";"artificial";"0"
"9";"green";"green";"HSL";"80";"84";"22";"190.56055464015";"38.528384272084";"38.528384272084";"big";"artificial";"0"
"10";"green";"black";"RGB";"32";"94";"11";"164.91470849412";"38.221527276585";"49.630874395724";"big";"artificial";"0"
"11";"green";"green";"HSL";"112";"53";"36";"233.9415102437";"50.438080964427";"50.438080964427";"big";"artificial";"0"
"12";"green";"blueGreen";"RGB";"61";"127";"75";"160.25325116101";"0";"48.804538639548";"big";"artificial";"0"
"13";"purple";"purple";"HSL";"198";"60";"40";"127.50948173029";"42.153901366749";"42.153901366749";"big";"artificial";"0"
"14";"purple";"black";"RGB";"117";"71";"127";"71.910443055217";"3.9262798357486";"41.947938138803";"big";"artificial";"0"
"15";"purple";"purple";"HSL";"214";"35";"43";"125.74527981738";"58.574644177363";"58.574644177363";"big";"artificial";"0"
"16";"purple";"purple";"RGB";"124";"79";"137";"80.057947554787";"57.117891658828";"57.117891658828";"big";"artificial";"0"
"17";"red";"red";"HSL";"22";"69";"31";"245.0823972013";"52.271097264865";"52.271097264865";"big";"artificial";"0"
"18";"red";"red";"RGB";"131";"48";"25";"135.20137931864";"38.855216879279";"38.855216879279";"big";"artificial";"0"
"19";"red";"red";"HSL";"107";"46";"37";"158.83999890411";"68.963316538396";"68.963316538396";"big";"artificial";"0"
"20";"red";"purple";"RGB";"131";"64";"58";"150.97052169244";"8.2972145307339";"30.00568232796";"big";"artificial";"0"
"21";"white";"black";"HSL";"133";"53";"35";"323.26937051707";"0";"39.507132816939";"big";"artificial";"0"
"22";"white";"black";"RGB";"87";"92";"91";"286.19936516764";"35.97257811226";"53.933305156811";"big";"artificial";"0"
"23";"white";"blueGreen";"HSL";"114";"27";"40";"343.66029062618";"0";"45.26518753093";"big";"artificial";"0"
"24";"white";"blueGreen";"RGB";"107";"103";"94";"266.14124692535";"8.0341458817794";"45.503202022841";"big";"artificial";"0"
"25";"yellow";"yellow";"HSL";"57";"82";"24";"87.762906686487";"59.863635414615";"59.863635414615";"big";"artificial";"0"
"26";"yellow";"black";"RGB";"89";"100";"15";"50.076892548736";"49.637871502646";"49.851847546583";"big";"artificial";"0"
"27";"yellow";"yellow";"HSL";"79";"45";"30";"101.53570407341";"63.992154211722";"63.992154211722";"big";"artificial";"0"
"28";"yellow";"yellow";"RGB";"97";"99";"50";"65.703266686506";"58.584293413522";"58.584293413522";"big";"artificial";"0"
"29";"black";"yellow";"HSL";"43";"30";"24";"57.681752330324";"25.163571481372";"46.562135155892";"big";"artificial";"0"
"30";"black";"black";"RGB";"75";"61";"45";"106.78430811235";"54.570324028122";"54.570324028122";"big";"artificial";"0"
"31";"black";"yellow";"HSL";"58";"15";"29";"66.210640641824";"3.9877866627242";"44.761113691138";"big";"artificial";"0"
"32";"black";"black";"RGB";"83";"75";"65";"128.86912860203";"56.015000894388";"56.015000894388";"big";"artificial";"0"
"33";"blue";"blue";"HSL";"229";"71";"38";"323.17157584081";"93.93576542989";"93.93576542989";"big";"artificial";"0"
"34";"blue";"blue";"RGB";"41";"69";"156";"127.16310951423";"33.23575002497";"33.23575002497";"big";"artificial";"0"
"35";"blue";"blue";"HSL";"164";"55";"42";"274.2299271306";"54.867644644025";"54.867644644025";"big";"artificial";"0"
"36";"blue";"yellow";"RGB";"65";"93";"152";"153.69256182269";"27.617129594884";"34.302865258856";"big";"artificial";"0"
"37";"blueGreen";"blueGreen";"HSL";"188";"66";"35";"218.57653377283";"81.53847195599";"81.53847195599";"big";"artificial";"0"
"38";"blueGreen";"blueGreen";"RGB";"39";"132";"142";"41.327813713252";"71.257013330053";"71.257013330053";"big";"artificial";"0"
"39";"blueGreen";"blueGreen";"HSL";"118";"61";"40";"161.57474207694";"51.816567456343";"51.816567456343";"big";"artificial";"0"
"40";"blueGreen";"blueGreen";"RGB";"62";"147";"144";"66.347566300111";"43.772320912152";"43.772320912152";"big";"artificial";"0"
"41";"green";"green";"HSL";"105";"85";"32";"202.7194172969";"63.106963757808";"63.106963757808";"big";"artificial";"0"
"42";"green";"black";"RGB";"37";"134";"26";"128.86125132306";"37.125746475631";"47.644034599565";"big";"artificial";"0"
"43";"green";"yellow";"HSL";"96";"59";"38";"221.52104312818";"42.087146709582";"44.21184079776";"big";"artificial";"0"
"44";"green";"yellow";"RGB";"60";"143";"84";"152.55480940991";"10.771481823604";"45.058829305012";"big";"artificial";"0"
"45";"purple";"blue";"HSL";"266";"73";"41";"178.84289508827";"39.22137999877";"52.589634914661";"big";"artificial";"0"
"46";"purple";"black";"RGB";"111";"67";"140";"69.629408689241";"20.046147048716";"41.755969124701";"big";"artificial";"0"
"47";"purple";"red";"HSL";"162";"56";"44";"106.90501025455";"37.895033239079";"47.440723500856";"big";"artificial";"0"
"48";"purple";"yellow";"RGB";"136";"84";"132";"84.018104926579";"5.9704507660421";"36.850827887534";"big";"artificial";"0"
"49";"red";"red";"HSL";"20";"80";"32";"249.97952316527";"67.355449081658";"67.355449081658";"big";"artificial";"0"
"50";"red";"black";"RGB";"139";"49";"22";"127.68350833176";"38.150484070014";"47.914269640287";"big";"artificial";"0"
"51";"red";"red";"HSL";"19";"65";"39";"248.21285781407";"48.833599204587";"48.833599204587";"big";"artificial";"0"
"52";"red";"yellow";"RGB";"156";"57";"41";"121.74521697054";"39.755925110642";"44.880628791628";"big";"artificial";"0"
"53";"white";"white";"HSL";"140";"52";"50";"310.79411282477";"31.072797561847";"31.072797561847";"big";"artificial";"0"
"54";"white";"white";"RGB";"122";"131";"131";"219.55796550498";"37.70419279061";"37.70419279061";"big";"artificial";"0"
"55";"white";"yellow";"HSL";"121";"28";"53";"332.17511419164";"21.736004798661";"42.198197567828";"big";"artificial";"0"
"56";"white";"yellow";"RGB";"142";"139";"129";"205.42699754361";"38.415471280544";"45.513641254942";"big";"artificial";"0"
"57";"yellow";"yellow";"HSL";"71";"85";"31";"77.668431853393";"79.781013124654";"79.781013124654";"big";"artificial";"0"
"58";"yellow";"yellow";"RGB";"108";"131";"24";"31.488741884598";"58.037729077663";"58.037729077663";"big";"artificial";"0"
"59";"yellow";"yellow";"HSL";"61";"47";"46";"115.18753517457";"87.653491979566";"87.653491979566";"big";"artificial";"0"
"60";"yellow";"yellow";"RGB";"137";"145";"88";"89.938452604396";"44.774543622165";"44.774543622165";"big";"artificial";"0"
"61";"black";"yellow";"HSL";"117";"34";"22";"123.48766630613";"17.240589314402";"36.685041596108";"big";"artificial";"0"
"62";"black";"black";"RGB";"68";"55";"46";"98.996227826707";"55.604090147566";"55.604090147566";"big";"artificial";"0"
"63";"black";"yellow";"HSL";"109";"26";"34";"116.59449189721";"14.521310422699";"45.859546621328";"big";"artificial";"0"
"64";"black";"black";"RGB";"92";"86";"79";"148.90428418576";"50.706228158728";"50.706228158728";"big";"artificial";"0"
"65";"blue";"blue";"HSL";"204";"54";"48";"296.18090340318";"83.356704046641";"83.356704046641";"big";"artificial";"0"
"66";"blue";"blueGreen";"RGB";"78";"105";"167";"158.34772131556";"0.55378715590739";"53.106687259228";"big";"artificial";"0"
"67";"blue";"blue";"HSL";"165";"59";"50";"269.15407903092";"53.563982053549";"53.563982053549";"big";"artificial";"0"
"68";"blue";"blue";"RGB";"88";"100";"169";"158.51590718804";"42.919012437358";"42.919012437358";"big";"artificial";"0"
"69";"blueGreen";"blueGreen";"HSL";"139";"57";"39";"179.69313553732";"60.162931020376";"60.162931020376";"big";"artificial";"0"
"70";"blueGreen";"blueGreen";"RGB";"56";"141";"140";"59.176431978564";"52.878096290348";"52.878096290348";"big";"artificial";"0"
"71";"blueGreen";"blueGreen";"HSL";"131";"60";"34";"175.23067580742";"45.783481297692";"45.783481297692";"big";"artificial";"0"
"72";"blueGreen";"blueGreen";"RGB";"53";"118";"120";"54.268896987454";"44.252299875688";"44.252299875688";"big";"artificial";"0"
"73";"green";"green";"HSL";"89";"79";"29";"199.15427850011";"37.313088370639";"37.313088370639";"big";"artificial";"0"
"74";"green";"black";"RGB";"43";"122";"21";"141.65263090015";"33.373660745271";"50.252657630994";"big";"artificial";"0"
"75";"green";"green";"HSL";"91";"62";"33";"215.4730782187";"45.825633224069";"45.825633224069";"big";"artificial";"0"
"76";"green";"blueGreen";"RGB";"53";"124";"63";"155.30399948191";"0";"44.981748272307";"big";"artificial";"0"
"77";"purple";"purple";"HSL";"247";"55";"51";"152.07277222709";"49.745875233684";"49.745875233684";"big";"artificial";"0"
"78";"purple";"purple";"RGB";"144";"98";"159";"104.04661102828";"42.222405300647";"42.222405300647";"big";"artificial";"0"
"79";"purple";"purple";"HSL";"192";"47";"48";"113.02471299409";"47.495628218881";"47.495628218881";"big";"artificial";"0"
"80";"purple";"purple";"RGB";"142";"90";"148";"93.262308939345";"44.194348030455";"44.194348030455";"big";"artificial";"0"
"81";"red";"red";"HSL";"25";"71";"31";"243.04739527694";"51.595989303455";"51.595989303455";"big";"artificial";"0"
"82";"red";"black";"RGB";"131";"54";"27";"138.23055542639";"31.94754878366";"43.510550113675";"big";"artificial";"0"
"83";"red";"red";"HSL";"22";"54";"42";"242.5103852584";"60.164623868825";"60.164623868825";"big";"artificial";"0"
"84";"red";"red";"RGB";"157";"70";"60";"134.57586548148";"46.519193233572";"46.519193233572";"big";"artificial";"0"
"85";"white";"white";"HSL";"151";"59";"58";"297.00814221476";"42.131725052069";"42.131725052069";"big";"artificial";"0"
"86";"white";"white";"RGB";"144";"155";"152";"181.6639617806";"45.95902968184";"45.95902968184";"big";"artificial";"0"
"87";"white";"blueGreen";"HSL";"126";"28";"46";"334.01486801999";"0";"48.181570410363";"big";"artificial";"0"
"88";"white";"white";"RGB";"122";"120";"115";"235.97745888219";"45.233813406344";"45.233813406344";"big";"artificial";"0"
"89";"yellow";"yellow";"HSL";"60";"80";"28";"87.900130298389";"70.287970449637";"70.287970449637";"big";"artificial";"0"
"90";"yellow";"yellow";"RGB";"112";"120";"19";"25.822677497662";"55.430460324993";"55.430460324993";"big";"artificial";"0"
"91";"yellow";"yellow";"HSL";"52";"42";"35";"120.10983059324";"68.550035803745";"68.550035803745";"big";"artificial";"0"
"92";"yellow";"yellow";"RGB";"114";"114";"60";"62.776295005638";"75.793847173028";"75.793847173028";"big";"artificial";"0"
"93";"black";"yellow";"HSL";"69";"27";"22";"77.434253733322";"25.085361883034";"45.128123234853";"big";"artificial";"0"
"94";"black";"black";"RGB";"68";"56";"43";"98.302404831929";"67.697686609738";"67.697686609738";"big";"artificial";"0"
"95";"black";"yellow";"HSL";"106";"18";"32";"112.24541329217";"32.697085648539";"33.393410643841";"big";"artificial";"0"
"96";"black";"black";"RGB";"88";"81";"73";"140.19407432775";"61.214528476814";"61.214528476814";"big";"artificial";"0"
"97";"blue";"blue";"HSL";"222";"69";"38";"317.85012496893";"90.626810995164";"90.626810995164";"big";"artificial";"0"
"98";"blue";"blue";"RGB";"44";"71";"153";"132.14609003351";"36.464519871502";"36.464519871502";"big";"artificial";"0"
"99";"blue";"blue";"HSL";"145";"56";"48";"258.65464714071";"55.977927513358";"55.977927513358";"big";"artificial";"0"
"100";"blue";"yellow";"RGB";"81";"107";"165";"161.22765069135";"39.184193761176";"40.583558717295";"big";"artificial";"0"
"101";"blueGreen";"blueGreen";"HSL";"170";"71";"32";"203.99140365174";"65.640706459515";"65.640706459515";"big";"artificial";"0"
"102";"blueGreen";"blueGreen";"RGB";"32";"123";"130";"32.042521945848";"47.191197639492";"47.191197639492";"big";"artificial";"0"
"103";"blueGreen";"blueGreen";"HSL";"122";"61";"34";"167.65891035246";"41.50063115033";"41.50063115033";"big";"artificial";"0"
"104";"blueGreen";"yellow";"RGB";"53";"122";"122";"53.489268249504";"40.669724703342";"42.338591132521";"big";"artificial";"0"
"105";"green";"green";"HSL";"98";"93";"29";"191.99453195448";"42.133700041926";"42.133700041926";"big";"artificial";"0"
"106";"green";"black";"RGB";"35";"125";"18";"135.88401665425";"36.815052356981";"53.185968994916";"big";"artificial";"0"
"107";"green";"red1";"HSL";"82";"55";"33";"218.91121868097";"38.699700535109";"44.924529994735";"big";"artificial";"0"
"108";"green";"yellow";"RGB";"54";"119";"64";"159.78009699396";"1.8011343213173";"45.141496737599";"big";"artificial";"0"
"109";"purple";"purple";"HSL";"259";"75";"40";"174.91862335854";"41.025279305887";"41.025279305887";"big";"artificial";"0"
"110";"purple";"black";"RGB";"112";"66";"136";"68.031034672695";"7.2206757738151";"50.844703161846";"big";"artificial";"0"
"111";"purple";"purple";"HSL";"177";"58";"49";"109.4815692876";"43.896068133764";"43.896068133764";"big";"artificial";"0"
"112";"purple";"yellow";"RGB";"154";"95";"150";"101.20706909275";"2.2268857062084";"43.134286331772";"big";"artificial";"0"
"113";"red";"red";"HSL";"17";"87";"29";"255.05613054555";"57.693572988007";"57.693572988007";"big";"artificial";"0"
"114";"red";"black";"RGB";"136";"41";"14";"126.69144773744";"37.988873471428";"50.717570243336";"big";"artificial";"0"
"115";"red";"red";"HSL";"24";"59";"42";"241.99660878772";"49.756991605165";"49.756991605165";"big";"artificial";"0"
"116";"red";"red";"RGB";"165";"62";"50";"119.67384906953";"44.284294711372";"44.284294711372";"big";"artificial";"0"
"117";"white";"blueGreen";"HSL";"142";"47";"43";"317.66131271962";"1.1653568722029";"36.998839270247";"big";"artificial";"0"
"118";"white";"black";"RGB";"106";"113";"114";"249.7113947749";"37.069318194002";"50.791660577115";"big";"artificial";"0"
"119";"white";"blueGreen";"HSL";"133";"35";"46";"327.09850045125";"0";"42.239615926544";"big";"artificial";"0"
"120";"white";"white";"RGB";"122";"119";"113";"237.48658667836";"41.864762851682";"41.864762851682";"big";"artificial";"0"
"121";"yellow";"yellow";"HSL";"68";"86";"28";"78.037358197894";"58.358298145597";"58.358298145597";"big";"artificial";"0"
"122";"yellow";"black";"RGB";"101";"118";"19";"34.676412926395";"48.569571274845";"51.398941744006";"big";"artificial";"0"
"123";"yellow";"red";"HSL";"50";"42";"38";"122.27701847878";"41.868656403115";"42.91839172626";"big";"artificial";"0"
"124";"yellow";"yellow";"RGB";"119";"117";"67";"68.562267990776";"83.09860108647";"83.09860108647";"big";"artificial";"0"
"125";"black";"yellow";"HSL";"89";"36";"24";"98.795457605309";"26.036799139582";"49.437720387707";"big";"artificial";"0"
"126";"black";"black";"RGB";"74";"61";"47";"106.79308123835";"59.956911364148";"59.956911364148";"big";"artificial";"0"
"127";"black";"yellow";"HSL";"121";"17";"32";"126.88962837486";"26.063207575384";"35.750363539204";"big";"artificial";"0"
"128";"black";"black";"RGB";"90";"83";"76";"143.78131267046";"55.145441074485";"55.145441074485";"big";"artificial";"0"
"129";"blue";"black";"HSL";"243";"99";"19";"352.54787368988";"36.332816262179";"63.667183737821";"big";"none";"0"
"130";"blue";"black";"RGB";"4";"27";"97";"160.85944272437";"35.991030160352";"64.000449169122";"big";"none";"0"
"131";"blue";"blue";"HSL";"224";"96";"39";"325.97615080933";"70.17371537206";"70.17371537206";"big";"none";"0"
"132";"blue";"blue";"RGB";"4";"65";"195";"88.578822778114";"54.064939706213";"54.064939706213";"big";"none";"0"
"133";"blue";"blue";"HSL";"223";"96";"42";"323.69344314746";"67.220811948965";"67.220811948965";"big";"none";"0"
"134";"blue";"blue";"RGB";"5";"71";"207";"85.689912897424";"60.306534866499";"60.306534866499";"big";"none";"0"
"135";"blueGreen";"black";"HSL";"194";"56";"22";"232.62198004929";"36.093503919791";"63.906213938801";"big";"none";"0"
"136";"blueGreen";"black";"RGB";"20";"89";"78";"66.9030838795";"36.006378652955";"63.956717250859";"big";"none";"0"
"137";"blueGreen";"blueGreen";"HSL";"201";"98";"27";"226.83866093056";"89.002472174224";"89.002472174224";"big";"none";"0"
"138";"blueGreen";"blueGreen";"RGB";"1";"104";"137";"25.607006417475";"67.571558575055";"67.571558575055";"big";"none";"0"
"139";"blueGreen";"blueGreen";"HSL";"200";"98";"31";"224.19128237212";"96.883734125215";"96.883734125215";"big";"none";"0"
"140";"blueGreen";"blueGreen";"RGB";"1";"119";"154";"27.894061698133";"78.030439796479";"78.030439796479";"big";"none";"0"
"141";"green";"black";"HSL";"115";"91";"15";"200.57665669373";"35.330932121856";"64.667657171104";"big";"none";"0"
"142";"green";"black";"RGB";"5";"70";"5";"185.08944825607";"35.140599527921";"64.752694591518";"big";"none";"0"
"143";"green";"green";"HSL";"128";"95";"22";"206.29498087571";"67.835134348484";"67.835134348484";"big";"none";"0"
"144";"green";"black";"RGB";"2";"112";"26";"145.1601964647";"30.961495241709";"69.008219702971";"big";"none";"0"
"145";"green";"green";"HSL";"129";"95";"26";"207.11489785751";"79.033088817741";"79.033088817741";"big";"none";"0"
"146";"green";"black";"RGB";"2";"129";"30";"129.83652733512";"38.92646479086";"59.69037031033";"big";"none";"0"
"147";"purple";"black";"HSL";"304";"84";"27";"219.88075432107";"36.288237919692";"63.504162432194";"big";"none";"0"
"148";"purple";"black";"RGB";"99";"37";"89";"61.662300400234";"4.7462391961001";"63.714922064079";"big";"none";"0"
"149";"purple";"purple";"HSL";"281";"89";"40";"198.06121544957";"83.853349593436";"83.853349593436";"big";"none";"0"
"150";"purple";"purple";"RGB";"130";"41";"163";"53.600069838618";"58.803629785462";"58.803629785462";"big";"none";"0"
"151";"purple";"purple";"HSL";"281";"90";"39";"198.48028840819";"88.079478006492";"88.079478006492";"big";"none";"0"
"152";"purple";"purple";"RGB";"126";"40";"158";"49.981072146068";"56.268674863036";"56.268674863036";"big";"none";"0"
"153";"red";"black";"HSL";"251";"97";"25";"99.783140408039";"37.448290533422";"62.551709466578";"big";"none";"0"
"154";"red";"black";"RGB";"100";"26";"28";"159.59813521734";"37.143239242936";"62.854729338926";"big";"none";"0"
"155";"red";"red";"HSL";"23";"93";"24";"251.39423556589";"75.864505694106";"75.864505694106";"big";"none";"0"
"156";"red";"black";"RGB";"119";"24";"5";"138.48354269404";"29.943887908452";"69.901370932979";"big";"none";"0"
"157";"red";"red";"HSL";"11";"94";"27";"262.78691395233";"86.806253016532";"86.806253016532";"big";"none";"0"
"158";"red";"black";"RGB";"131";"28";"5";"126.97984044259";"34.067518725522";"64.674509341576";"big";"none";"0"
"159";"white";"black";"HSL";"159";"25";"33";"333.92519300432";"0";"59.967802022502";"big";"none";"0"
"160";"white";"black";"RGB";"83";"82";"84";"298.01705395602";"38.09388650354";"60.260382662749";"big";"none";"0"
"161";"white";"blueGreen";"HSL";"152";"17";"39";"337.31389204103";"17.914899731414";"35.462694485688";"big";"none";"0"
"162";"white";"black";"RGB";"97";"99";"102";"269.89441606145";"31.88964744806";"60.624638476758";"big";"none";"0"
"163";"white";"blueGreen";"HSL";"158";"17";"37";"337.21328565967";"16.560840907667";"29.176445448215";"big";"none";"0"
"164";"white";"black";"RGB";"92";"93";"96";"279.70788276654";"29.435600045685";"64.649750756205";"big";"none";"0"
"165";"yellow";"black";"HSL";"36";"92";"18";"100.44092575782";"34.988130310959";"64.919440163732";"big";"none";"0"
"166";"yellow";"black";"RGB";"81";"67";"8";"77.581185496607";"34.99958525213";"65.00041474787";"big";"none";"0"
"167";"yellow";"black";"HSL";"81";"74";"26";"76.32459122301";"38.329974467709";"39.250979106259";"big";"none";"0"
"168";"yellow";"black";"RGB";"85";"100";"33";"61.330110012836";"13.946525876774";"69.017283113687";"big";"none";"0"
"169";"yellow";"yellow";"HSL";"82";"72";"27";"77.415452914322";"38.553096481112";"38.553096481112";"big";"none";"0"
"170";"yellow";"black";"RGB";"88";"104";"35";"58.108503554115";"17.617280903099";"66.248742728087";"big";"none";"0"
"171";"black";"black";"HSL";"280";"51";"2";"284.4317706177";"99.989222198209";"99.989222198209";"big";"none";"0"
"172";"black";"black";"RGB";"4";"2";"5";"7.0663250142484";"99.993736460739";"99.993736460739";"big";"none";"0"
"173";"black";"black";"HSL";"146";"12";"14";"147.46029498354";"66.31402875975";"66.31402875975";"big";"none";"0"
"174";"black";"black";"RGB";"35";"35";"37";"62.001806199925";"67.48446140866";"67.48446140866";"big";"none";"0"
"175";"black";"black";"HSL";"182";"13";"14";"182.71087193665";"66.8962239473";"66.8962239473";"big";"none";"0"
"176";"black";"black";"RGB";"35";"35";"38";"61.81747422342";"68.174385917081";"68.174385917081";"big";"none";"0"
"177";"blue";"blue";"HSL";"228";"100";"37";"330.87756628947";"72.860479380824";"72.860479380824";"big";"none";"0"
"178";"blue";"black";"RGB";"27";"64";"161";"116.9474354537";"2.5453669277227";"55.720783833974";"big";"none";"0"
"179";"blue";"blue";"HSL";"224";"97";"43";"323.6231819149";"70.922367834471";"70.922367834471";"big";"none";"0"
"180";"blue";"blue";"RGB";"3";"67";"214";"79.004168597352";"69.439873849113";"69.439873849113";"big";"none";"0"
"181";"blue";"blue";"HSL";"227";"97";"39";"327.85229373295";"81.014733568884";"81.014733568884";"big";"none";"0"
"182";"blue";"blue";"RGB";"3";"53";"198";"78.056961614339";"67.361847462061";"67.361847462061";"big";"none";"0"
"183";"blueGreen";"blue";"HSL";"202";"100";"32";"225.3021779308";"47.944910197211";"48.290025567654";"big";"none";"0"
"184";"blueGreen";"blueGreen";"RGB";"14";"119";"150";"28.034165378839";"66.253348313161";"66.253348313161";"big";"none";"0"
"185";"blueGreen";"blueGreen";"HSL";"199";"99";"31";"223.07669038561";"99.899491933196";"99.899491933196";"big";"none";"0"
"186";"blueGreen";"blueGreen";"RGB";"0";"121";"159";"31.763070719568";"87.771395728407";"87.771395728407";"big";"none";"0"
"187";"blueGreen";"blueGreen";"HSL";"203";"99";"25";"229.06594229241";"90.026932330218";"90.026932330218";"big";"none";"0"
"188";"blueGreen";"blueGreen";"RGB";"1";"90";"127";"38.012795293173";"69.805947218528";"69.805947218528";"big";"none";"0"
"189";"green";"blueGreen";"HSL";"144";"100";"28";"213.78159642873";"27.356995216575";"37.208978191033";"big";"none";"0"
"190";"green";"black";"RGB";"16";"128";"78";"149.89785885369";"0";"59.849754057335";"big";"none";"0"
"191";"green";"green";"HSL";"130";"96";"29";"207.09484705775";"96.549861654036";"96.549861654036";"big";"none";"0"
"192";"green";"black";"RGB";"2";"145";"36";"115.47763846632";"36.829353660918";"57.052107242992";"big";"none";"0"
"193";"green";"green";"HSL";"127";"94";"21";"206.12365683733";"75.266173214305";"75.266173214305";"big";"none";"0"
"194";"green";"black";"RGB";"2";"104";"24";"152.84762726686";"18.650214979681";"75.838862873543";"big";"none";"0"
"195";"purple";"blue";"HSL";"269";"100";"39";"194.71537089169";"40.178572940043";"56.001119537108";"big";"none";"0"
"196";"purple";"black";"RGB";"108";"50";"149";"57.403105340193";"4.3153528375808";"56.097555470412";"big";"none";"0"
"197";"purple";"purple";"HSL";"280";"88";"40";"196.30413652248";"81.313089259858";"81.313089259858";"big";"none";"0"
"198";"purple";"purple";"RGB";"125";"38";"166";"53.894235146162";"67.106450864156";"67.106450864156";"big";"none";"0"
"199";"purple";"purple";"HSL";"279";"88";"40";"195.96440087407";"75.149233110187";"75.149233110187";"big";"none";"0"
"200";"purple";"purple";"RGB";"124";"39";"166";"54.172113713529";"66.629553350699";"66.629553350699";"big";"none";"0"
"201";"red";"red";"HSL";"111";"100";"34";"178.45428111799";"96.822636318032";"96.822636318032";"big";"none";"0"
"202";"red";"black";"RGB";"142";"32";"33";"122.05891902127";"36.512145341196";"63.265583657467";"big";"none";"0"
"203";"red";"red";"HSL";"60";"90";"34";"217.64012851448";"97.340883719388";"97.340883719388";"big";"none";"0"
"204";"red";"black";"RGB";"145";"38";"29";"120.00212866132";"31.790686792842";"54.075992646111";"big";"none";"0"
"205";"red";"red";"HSL";"281";"93";"30";"101.44402846835";"96.261306236437";"96.261306236437";"big";"none";"0"
"206";"red";"black";"RGB";"131";"26";"25";"128.98351530949";"25.531112183656";"61.173085354486";"big";"none";"0"
"207";"white";"blue";"HSL";"155";"25";"46";"326.77278321635";"18.27898255294";"39.655708482469";"big";"none";"0"
"208";"white";"white";"RGB";"110";"117";"123";"239.95055555861";"34.554591823203";"34.554591823203";"big";"none";"0"
"209";"white";"blueGreen";"HSL";"147";"21";"43";"334.11804449218";"20.418611677063";"57.973406626606";"big";"none";"0"
"210";"white";"black";"RGB";"106";"110";"113";"251.6393399713";"29.344450134662";"37.894193890672";"big";"none";"0"
"211";"white";"blueGreen";"HSL";"166";"22";"37";"331.52568549035";"18.872968561755";"59.354360937437";"big";"none";"0"
"212";"white";"black";"RGB";"88";"94";"99";"279.29515064228";"21.974865614672";"50.570515914391";"big";"none";"0"
"213";"yellow";"green";"HSL";"112";"74";"39";"67.986561473132";"25.176606414428";"43.449212571544";"big";"none";"0"
"214";"yellow";"black";"RGB";"88";"124";"76";"86.164282962248";"1.9092509089185";"60.046970901628";"big";"none";"0"
"215";"yellow";"yellow";"HSL";"82";"76";"34";"76.868445134537";"48.778171180565";"48.778171180565";"big";"none";"0"
"216";"yellow";"black";"RGB";"105";"129";"43";"48.300655127751";"23.621974718242";"52.860316629885";"big";"none";"0"
"217";"yellow";"green";"HSL";"87";"74";"23";"71.921810495632";"28.433466828285";"38.280088865637";"big";"none";"0"
"218";"yellow";"black";"RGB";"69";"91";"29";"75.708936272513";"10.406342913776";"73.828480478666";"big";"none";"0"
"219";"black";"black";"HSL";"251";"57";"12";"257.8972340764";"62.109537451733";"62.109537451733";"big";"none";"0"
"220";"black";"black";"RGB";"22";"30";"40";"54.948931540076";"62.781203287963";"62.781203287963";"big";"none";"0"
"221";"black";"black";"HSL";"145";"12";"23";"147.64806792899";"64.766690860324";"64.766690860324";"big";"none";"0"
"222";"black";"black";"RGB";"59";"58";"58";"100.92745010815";"69.275111358369";"69.275111358369";"big";"none";"0"
"223";"black";"black";"HSL";"200";"12";"23";"201.78005882882";"63.432527328394";"63.432527328394";"big";"none";"0"
"224";"black";"black";"RGB";"58";"56";"59";"100.13045307958";"70.206358387892";"70.206358387892";"big";"none";"0"
"225";"blue";"blue";"HSL";"226";"97";"36";"329.4840141777";"72.137454360569";"72.137454360569";"big";"none";"0"
"226";"blue";"blueGreen";"RGB";"3";"57";"181";"93.203244860305";"43.516382299085";"43.575257625607";"big";"none";"0"
"227";"blue";"blue";"HSL";"225";"97";"38";"327.88280000837";"70.033416721624";"70.033416721624";"big";"none";"0"
"228";"blue";"blue";"RGB";"3";"61";"189";"90.214646767902";"50.295666142266";"50.295666142266";"big";"none";"0"
"229";"blueGreen";"blueGreen";"HSL";"203";"98";"25";"229.36092258193";"67.905136301171";"67.905136301171";"big";"none";"brightness"
"230";"blueGreen";"blueGreen";"RGB";"1";"96";"128";"32.244193661886";"54.448992524528";"54.448992524528";"big";"none";"brightness"
"231";"blueGreen";"blueGreen";"HSL";"202";"98";"27";"228.05144403698";"75.624509525792";"75.624509525792";"big";"none";"brightness"
"232";"blueGreen";"blueGreen";"RGB";"1";"102";"135";"26.889332420654";"60.018126821432";"60.018126821432";"big";"none";"brightness"
"233";"green";"black";"HSL";"128";"94";"19";"206.88984590701";"44.202180376611";"55.79781962339";"big";"none";"brightness"
"234";"green";"black";"RGB";"2";"95";"24";"161.39577480686";"26.605531627988";"73.371183511961";"big";"none";"brightness"
"235";"green";"black";"HSL";"129";"94";"20";"206.94069189602";"46.025620714683";"53.974379285317";"big";"none";"brightness"
"236";"green";"black";"RGB";"1";"100";"26";"157.09195003524";"28.751423066012";"71.173785374013";"big";"none";"brightness"
"237";"purple";"blue";"HSL";"277";"91";"36";"197.26533249811";"32.150570515914";"67.237022927482";"big";"none";"semi"
"238";"purple";"purple";"RGB";"111";"37";"145";"44.507622376671";"40.855497548089";"40.855497548089";"big";"none";"semi"
"239";"purple";"blue";"HSL";"275";"90";"34";"196.57033279493";"28.911764380796";"67.765500827128";"big";"none";"semi"
"240";"purple";"black";"RGB";"102";"34";"136";"44.016742136603";"34.438823819822";"37.716315244583";"big";"none";"semi"
"241";"red";"red";"HSL";"119";"90";"26";"165.10023986002";"66.609805431415";"66.609805431415";"big";"none";"semi"
"242";"red";"black";"RGB";"107";"27";"24";"151.9000981851";"26.796894860751";"72.987278066178";"big";"none";"semi"
"243";"red";"red";"HSL";"103";"88";"24";"177.29553489292";"58.904579969862";"58.904579969862";"big";"none";"semi"
"244";"red";"black";"RGB";"100";"27";"22";"158.30738032482";"25.266283743704";"74.536089690923";"big";"none";"semi"
"245";"white";"black";"HSL";"165";"25";"34";"331.94885210438";"20.582268873816";"27.961579980915";"big";"none";"semi"
"246";"white";"black";"RGB";"80";"85";"91";"293.33533885668";"26.142560818802";"72.126696165735";"big";"none";"semi"
"247";"white";"black";"HSL";"165";"27";"32";"330.80235384358";"21.028365528091";"31.316810416291";"big";"none";"semi"
"248";"white";"black";"RGB";"78";"82";"87";"298.61727383808";"24.519178692879";"73.048290294413";"big";"none";"semi"
"249";"yellow";"black";"HSL";"86";"76";"23";"70.562026069914";"26.682312717144";"58.508589976457";"big";"none";"semi"
"250";"yellow";"black";"RGB";"73";"87";"30";"74.426104817215";"7.3297939363572";"73.576989252858";"big";"none";"semi"
"251";"yellow";"black";"HSL";"86";"75";"23";"71.159129020981";"26.725566555278";"58.224676793616";"big";"none";"semi"
"252";"yellow";"black";"RGB";"73";"87";"30";"75.176945157213";"7.0970190221096";"73.631369717155";"big";"none";"semi"
"253";"black";"black";"HSL";"189";"13";"17";"189.89734277974";"71.571985955398";"71.571985955398";"big";"none";"semi"
"254";"black";"black";"RGB";"42";"41";"43";"72.454362650174";"71.72208487921";"71.72208487921";"big";"none";"semi"
"255";"black";"black";"HSL";"204";"16";"15";"205.31857402641";"75.078936412437";"75.078936412437";"big";"none";"semi"
"256";"black";"black";"RGB";"36";"37";"41";"66.205458247834";"75.224172042694";"75.224172042694";"big";"none";"semi"
"257";"blue";"blue";"HSL";"240";"100";"34";"340.76427442195";"92.580583818287";"92.580583818287";"big";"none";"semi+"
"258";"blue";"black";"RGB";"31";"31";"146";"117.89939448895";"37.466742581515";"60.530053420654";"big";"none";"semi+"
"259";"blue";"blue";"HSL";"223";"98";"42";"323.07941474366";"68.245935281353";"68.245935281353";"big";"none";"semi+"
"260";"blue";"blue";"RGB";"3";"72";"214";"82.777370431965";"66.263111549954";"66.263111549954";"big";"none";"semi+"
"261";"blue";"blue";"HSL";"224";"97";"42";"324.34561303921";"74.336915713965";"74.336915713965";"big";"none";"semi+"
"262";"blue";"blue";"RGB";"4";"66";"209";"80.081981197971";"70.701677467845";"70.701677467845";"big";"none";"semi+"
"263";"blueGreen";"blueGreen";"HSL";"208";"100";"31";"230.88508209691";"38.482620935682";"38.482620935682";"big";"none";"semi+"
"264";"blueGreen";"black";"RGB";"22";"102";"136";"34.907060896913";"44.238136377";"55.629370017735";"big";"none";"semi+"
"265";"blueGreen";"blueGreen";"HSL";"199";"99";"31";"223.20588077752";"99.461353395647";"99.461353395647";"big";"none";"semi+"
"266";"blueGreen";"blueGreen";"RGB";"1";"120";"157";"30.299262334564";"86.559330339215";"86.559330339215";"big";"none";"semi+"
"267";"blueGreen";"blueGreen";"HSL";"200";"98";"30";"224.25684221091";"99.006930193316";"99.006930193316";"big";"none";"semi+"
"268";"blueGreen";"blueGreen";"RGB";"1";"115";"152";"27.559449428714";"84.306741188044";"84.306741188044";"big";"none";"semi+"
"269";"green";"black";"HSL";"127";"100";"25";"202.17287385005";"42.355463188728";"57.64273110626";"big";"none";"semi+"
"270";"green";"black";"RGB";"14";"116";"38";"144.83235462635";"36.637416126413";"62.636239032458";"big";"none";"semi+"
"271";"green";"green";"HSL";"129";"95";"26";"207.38022665407";"86.099233294402";"86.099233294402";"big";"none";"semi+"
"272";"green";"black";"RGB";"2";"131";"33";"128.33332043164";"33.785521385597";"64.461924464209";"big";"none";"semi+"
"273";"green";"green";"HSL";"130";"97";"25";"205.85812528799";"84.564348373928";"84.564348373928";"big";"none";"semi+"
"274";"green";"black";"RGB";"1";"128";"32";"131.2145459154";"31.574786033505";"66.856728108731";"big";"none";"semi+"
"275";"purple";"purple";"HSL";"281";"89";"43";"196.37260924576";"87.613117629071";"87.613117629071";"big";"none";"semi+"
"276";"purple";"purple";"RGB";"135";"44";"174";"64.123243248237";"66.592857590238";"66.592857590238";"big";"none";"semi+"
"277";"purple";"purple";"HSL";"280";"88";"39";"196.58837575466";"87.571337516257";"87.571337516257";"big";"none";"semi+"
"278";"purple";"purple";"RGB";"123";"38";"162";"51.45617757276";"67.593959199915";"67.593959199915";"big";"none";"semi+"
"279";"red";"red";"HSL";"134";"100";"31";"160.24459723583";"62.077204046359";"62.077204046359";"big";"none";"semi+"
"280";"red";"black";"RGB";"128";"29";"33";"134.32872035562";"37.968954288013";"62.015358649694";"big";"none";"semi+"
"281";"red";"red";"HSL";"47";"91";"33";"229.34474241435";"96.947767490356";"96.947767490356";"big";"none";"semi+"
"282";"red";"black";"RGB";"140";"34";"27";"123.19744895785";"30.753257854035";"58.200065580777";"big";"none";"semi+"
"283";"red";"red";"HSL";"41";"90";"30";"233.87212853532";"94.142310285497";"94.142310285497";"big";"none";"semi+"
"284";"red";"black";"RGB";"129";"30";"24";"131.53387029972";"26.699407930853";"63.61504820924";"big";"none";"semi+"
"285";"white";"blueGreen";"HSL";"146";"29";"47";"326.12235016119";"27.018312670237";"30.284833037179";"big";"none";"semi+"
"286";"white";"black";"RGB";"117";"121";"123";"233.43772670948";"39.249763424429";"44.388009893006";"big";"none";"semi+"
"287";"white";"blueGreen";"HSL";"147";"24";"44";"330.77486212864";"24.338721027481";"51.194859646085";"big";"none";"semi+"
"288";"white";"black";"RGB";"110";"113";"115";"247.0170412143";"31.223818348617";"42.892406998722";"big";"none";"semi+"
"289";"white";"blueGreen";"HSL";"146";"23";"43";"332.94042869311";"23.295176128597";"55.880200868761";"big";"none";"semi+"
"290";"white";"black";"RGB";"106";"111";"113";"251.19047851798";"29.882580935152";"41.879147155157";"big";"none";"semi+"
"291";"yellow";"black";"HSL";"113";"80";"32";"59.994078899781";"33.955436328866";"57.57208289766";"big";"none";"semi+"
"292";"yellow";"black";"RGB";"74";"105";"59";"83.275319633111";"0.6886507490008";"64.468916763206";"big";"none";"semi+"
"293";"yellow";"yellow";"HSL";"83";"75";"31";"75.715305650437";"43.167330457113";"43.167330457113";"big";"none";"semi+"
"294";"yellow";"black";"RGB";"95";"117";"39";"52.415980268726";"16.151071582523";"61.977002516386";"big";"none";"semi+"
"295";"yellow";"yellow";"HSL";"84";"76";"24";"72.056366133673";"34.995670931873";"34.995670931873";"big";"none";"semi+"
"296";"yellow";"black";"RGB";"74";"94";"29";"69.739363856307";"12.849042631189";"71.925090541999";"big";"none";"semi+"
"297";"black";"black";"HSL";"249";"72";"4";"259.06409082256";"99.238613195979";"99.238613195979";"big";"none";"semi+"
"298";"black";"black";"RGB";"6";"9";"14";"17.775730393144";"99.990520048686";"99.990520048686";"big";"none";"semi+"
"299";"black";"black";"HSL";"257";"78";"3";"268.18489341362";"98.084485551821";"98.084485551821";"big";"none";"semi+"
"300";"black";"black";"RGB";"6";"7";"13";"15.893711729828";"99.924724672307";"99.924724672307";"big";"none";"semi+"
"301";"black";"black";"HSL";"225";"13";"23";"226.89486451754";"60.35148348875";"60.35148348875";"big";"none";"semi+"
"302";"black";"black";"RGB";"56";"55";"62";"99.724071001918";"67.64745542902";"67.64745542902";"big";"none";"semi+"
"303";"black";"black";"HSL";"245";"13";"21";"246.27131906336";"65.08869984268";"65.08869984268";"big";"none";"semi+"
"304";"black";"black";"RGB";"50";"50";"56";"90.391221118501";"71.571912269132";"71.571912269132";"big";"none";"semi+"
"305";"blue";"blue";"HSL";"223";"82";"51";"312.77526914735";"91.560304058153";"91.560304058153";"medium";"artificial";"Dark"
"306";"blue";"blue";"RGB";"52";"96";"210";"118.03304074516";"73.598561304532";"73.598561304532";"medium";"artificial";"Dark"
"307";"blue";"blue";"HSL";"206";"76";"57";"295.96635231934";"80.248352153106";"80.248352153106";"medium";"artificial";"Dark"
"308";"blue";"blue";"RGB";"77";"98";"214";"130.84992011683";"74.163351975357";"74.163351975357";"medium";"artificial";"Dark"
"309";"blueGreen";"blueGreen";"HSL";"173";"82";"31";"203.6861633176";"74.340762492798";"74.340762492798";"medium";"artificial";"Dark"
"310";"blueGreen";"blueGreen";"RGB";"13";"126";"143";"20.028975734028";"73.995929263763";"73.995929263763";"medium";"artificial";"Dark"
"311";"blueGreen";"blueGreen";"HSL";"177";"67";"39";"207.32306834054";"77.616932095899";"77.616932095899";"medium";"artificial";"Dark"
"312";"blueGreen";"blueGreen";"RGB";"38";"146";"160";"53.165446209703";"75.108977118896";"75.108977118896";"medium";"artificial";"Dark"
"313";"green";"green";"HSL";"136";"70";"36";"232.46099097515";"76.942388417305";"76.942388417305";"medium";"artificial";"Dark"
"314";"green";"blueGreen";"RGB";"36";"150";"74";"133.65083437698";"0";"74.594125477313";"medium";"artificial";"Dark"
"315";"purple";"purple";"HSL";"265";"87";"58";"176.9815315651";"81.323988057518";"81.323988057518";"medium";"artificial";"Dark"
"316";"purple";"white";"RGB";"160";"87";"207";"121.41481110224";"8.6297463943739";"67.307428613992";"medium";"artificial";"Dark"
"317";"purple";"purple";"HSL";"240";"50";"54";"143.60716005972";"78.125745911348";"78.125745911348";"medium";"artificial";"Dark"
"318";"purple";"purple";"RGB";"152";"90";"183";"108.48133246579";"77.791577627541";"77.791577627541";"medium";"artificial";"Dark"
"319";"red";"red";"HSL";"25";"49";"45";"239.61499042389";"79.848614206046";"79.848614206046";"medium";"artificial";"Dark"
"320";"red";"red";"RGB";"168";"69";"60";"126.09434489664";"54.102759286543";"54.102759286543";"medium";"artificial";"Dark"
"321";"white";"blueGreen";"HSL";"145";"39";"52";"315.81645058353";"0";"68.408175103729";"medium";"artificial";"Dark"
"322";"white";"white";"RGB";"129";"138";"137";"209.02081554677";"68.29249712639";"68.29249712639";"medium";"artificial";"Dark"
"323";"white";"blueGreen";"HSL";"162";"15";"51";"328.19805256491";"0";"67.611802765099";"medium";"artificial";"Dark"
"324";"white";"blueGreen";"RGB";"131";"131";"128";"216.82645650913";"4.5458623680354";"74.629111011923";"medium";"artificial";"Dark"
"325";"yellow";"yellow";"HSL";"66";"87";"30";"80.241112804898";"72.729509339163";"72.729509339163";"medium";"artificial";"Dark"
"326";"yellow";"yellow";"RGB";"114";"138";"12";"21.293178881771";"75.974304817677";"75.974304817677";"medium";"artificial";"Dark"
"327";"yellow";"yellow";"HSL";"82";"36";"39";"110.39020298339";"81.734955232623";"81.734955232623";"medium";"artificial";"Dark"
"328";"yellow";"yellow";"RGB";"124";"133";"66";"66.180109518636";"76.778915685426";"76.778915685426";"medium";"artificial";"Dark"
"329";"black";"red";"HSL";"47";"20";"25";"56.554192999487";"13.109249103214";"56.412199568775";"medium";"artificial";"Dark"
"330";"black";"yellow";"RGB";"76";"64";"52";"112.35337266699";"46.019802941155";"49.286266879815";"medium";"artificial";"Dark"
"331";"black";"yellow";"HSL";"46";"12";"32";"57.40376318235";"1.5562920073289";"70.800169961984";"medium";"artificial";"Dark"
"332";"black";"yellow";"RGB";"89";"83";"74";"143.06008016013";"26.89129260829";"63.567249251056";"medium";"artificial";"Dark"
"333";"blue";"blue";"HSL";"218";"86";"47";"313.50422176829";"92.952559050786";"92.952559050786";"medium";"artificial";"full"
"334";"blue";"blue";"RGB";"38";"85";"200";"108.26437538375";"64.795128659304";"64.795128659304";"medium";"artificial";"full"
"335";"blue";"blue";"HSL";"230";"82";"49";"320.00888265798";"91.122815590683";"91.122815590683";"medium";"artificial";"full"
"336";"blue";"blue";"RGB";"34";"95";"214";"108.73697035417";"74.469475403194";"74.469475403194";"medium";"artificial";"full"
"337";"blueGreen";"blueGreen";"HSL";"176";"86";"45";"199.40352348082";"85.562654860365";"85.562654860365";"medium";"artificial";"full"
"338";"blueGreen";"blueGreen";"RGB";"40";"179";"189";"89.526339918442";"68.645343171416";"68.645343171416";"medium";"artificial";"full"
"339";"blueGreen";"blueGreen";"HSL";"154";"82";"50";"179.37018177393";"77.44691368335";"77.44691368335";"medium";"artificial";"full"
"340";"blueGreen";"blueGreen";"RGB";"48";"197";"205";"113.58318368584";"74.383196560583";"74.383196560583";"medium";"artificial";"full"
"341";"green";"green";"HSL";"114";"96";"44";"200.38362356518";"77.316507924506";"77.316507924506";"medium";"artificial";"full"
"342";"green";"green";"RGB";"36";"191";"31";"80.053421186308";"67.460405685488";"67.460405685488";"medium";"artificial";"full"
"343";"green";"green";"HSL";"120";"82";"50";"216.4787116516";"74.720919826133";"74.720919826133";"medium";"artificial";"full"
"344";"green";"green";"RGB";"50";"209";"89";"112.25986182868";"73.957445175692";"73.957445175692";"medium";"artificial";"full"
"345";"purple";"purple";"HSL";"264";"87";"56";"176.63340892849";"66.618100725611";"66.618100725611";"medium";"artificial";"full"
"346";"purple";"white";"RGB";"158";"90";"192";"114.99781744019";"8.3792048239409";"63.579212046761";"medium";"artificial";"full"
"347";"purple";"purple";"HSL";"293";"83";"62";"196.00037320508";"86.046865945024";"86.046865945024";"medium";"artificial";"full"
"348";"purple";"white";"RGB";"192";"102";"210";"146.43237865836";"18.979596097646";"74.772551703824";"medium";"artificial";"full"
"349";"red";"red";"HSL";"15";"92";"42";"260.54664539346";"85.922385155751";"85.922385155751";"medium";"artificial";"full"
"350";"red";"red";"RGB";"197";"51";"17";"79.226986149965";"70.110108505943";"70.110108505943";"medium";"artificial";"full"
"351";"red";"red";"HSL";"8";"93";"51";"268.69312080725";"85.358610193995";"85.358610193995";"medium";"artificial";"full"
"352";"red";"red";"RGB";"227";"48";"33";"64.655178950446";"84.189811196612";"84.189811196612";"medium";"artificial";"full"
"353";"white";"blueGreen";"HSL";"174";"23";"64";"311.78799928936";"6.7564967291347";"64.770243787105";"medium";"artificial";"full"
"354";"white";"white";"RGB";"159";"167";"166";"158.20573748659";"71.101496985883";"71.101496985883";"medium";"artificial";"full"
"355";"white";"yellow";"HSL";"84";"13";"72";"348.42877585755";"0.0018621332937583";"71.082424226693";"medium";"artificial";"full"
"356";"white";"white";"RGB";"186";"187";"179";"123.34707413315";"85.386260051993";"85.386260051993";"medium";"artificial";"full"
"357";"yellow";"yellow";"HSL";"78";"86";"40";"76.536704005734";"76.774401422896";"76.774401422896";"medium";"artificial";"full"
"358";"yellow";"yellow";"RGB";"130";"173";"29";"53.622812533685";"73.119146623811";"73.119146623811";"medium";"artificial";"full"
"359";"yellow";"yellow";"HSL";"67";"49";"58";"115.43682538803";"82.550626043571";"82.550626043571";"medium";"artificial";"full"
"360";"yellow";"white";"RGB";"168";"181";"112";"130.27221280151";"18.288180362845";"74.97264639048";"medium";"artificial";"full"
"361";"black";"blue";"HSL";"155";"22";"31";"159.54352765139";"1.8141692543736";"43.621318830513";"medium";"artificial";"full"
"362";"black";"black";"RGB";"84";"77";"75";"135.88811852285";"34.568981035019";"34.568981035019";"medium";"artificial";"full"
"363";"black";"blue";"HSL";"168";"19";"34";"172.08946119895";"2.1191076882969";"48.353507384487";"medium";"artificial";"full"
"364";"black";"black";"RGB";"89";"88";"86";"151.37004165602";"40.276983863204";"40.276983863204";"medium";"artificial";"full"
"365";"blue";"blue";"HSL";"223";"83";"50";"314.3381124308";"94.999438538598";"94.999438538598";"medium";"artificial";"semi"
"366";"blue";"blue";"RGB";"50";"100";"205";"122.95812056906";"45.090654855851";"45.090654855851";"medium";"artificial";"semi"
"367";"blue";"blue";"HSL";"191";"83";"58";"286.59062280775";"81.28352897959";"81.28352897959";"medium";"artificial";"semi"
"368";"blue";"blue";"RGB";"72";"114";"224";"138.03835815172";"73.703969334615";"73.703969334615";"medium";"artificial";"semi"
"369";"blueGreen";"blueGreen";"HSL";"181";"74";"38";"209.63262582665";"81.384027749172";"81.384027749172";"medium";"artificial";"semi"
"370";"blueGreen";"blueGreen";"RGB";"19";"154";"173";"55.812773431569";"72.010782316054";"72.010782316054";"medium";"artificial";"semi"
"371";"blueGreen";"blueGreen";"HSL";"161";"84";"31";"193.18239736173";"74.466315419423";"74.466315419423";"medium";"artificial";"semi"
"372";"blueGreen";"blueGreen";"RGB";"24";"123";"134";"25.359899909422";"74.436182717033";"74.436182717033";"medium";"artificial";"semi"
"373";"green";"green";"HSL";"108";"88";"34";"202.20270646732";"72.503175501549";"72.503175501549";"medium";"artificial";"semi"
"374";"green";"green";"RGB";"21";"160";"12";"97.786016079548";"72.246144678728";"72.246144678728";"medium";"artificial";"semi"
"375";"green";"green";"HSL";"118";"83";"31";"210.81274023586";"75.879956730794";"75.879956730794";"medium";"artificial";"semi"
"376";"green";"blueGreen";"RGB";"23";"134";"53";"134.19125532853";"0";"75.826406291528";"medium";"artificial";"semi"
"381";"purple";"purple";"HSL";"265";"83";"55";"176.16507083328";"69.571444129512";"69.571444129512";"medium";"artificial";"semi"
"382";"purple";"white";"RGB";"154";"86";"192";"110.24141068375";"3.4760950049121";"65.601827373472";"medium";"artificial";"semi"
"383";"purple";"purple";"HSL";"240";"60";"55";"146.019557883";"74.544920015732";"74.544920015732";"medium";"artificial";"semi"
"384";"purple";"purple";"RGB";"169";"88";"192";"115.80250015367";"74.15652415328";"74.15652415328";"medium";"artificial";"semi"
"385";"red";"red";"HSL";"14";"94";"46";"262.76717217233";"84.555635746414";"84.555635746414";"medium";"artificial";"semi"
"386";"red";"red";"RGB";"215";"52";"18";"68.322455377385";"78.764344774544";"78.764344774544";"medium";"artificial";"semi"
"387";"red";"red";"HSL";"13";"68";"47";"256.09372166205";"78.464710599093";"78.464710599093";"medium";"artificial";"semi"
"388";"red";"red";"RGB";"193";"55";"45";"94.354154670839";"77.042605045478";"77.042605045478";"medium";"artificial";"semi"
"389";"white";"blueGreen";"HSL";"187";"23";"59";"310.8488524071";"0";"81.640720002302";"medium";"artificial";"semi"
"390";"white";"white";"RGB";"139";"158";"163";"176.89411331408";"81.024579595195";"81.024579595195";"medium";"artificial";"semi"
"391";"white";"blueGreen";"HSL";"167";"17";"52";"325.29044532426";"0";"76.586438816789";"medium";"artificial";"semi"
"392";"white";"blueGreen";"RGB";"131";"136";"134";"209.82852941541";"26.019588513685";"50.654201283066";"medium";"artificial";"semi"
"393";"yellow";"yellow";"HSL";"69";"86";"33";"79.414728569898";"81.383012040102";"81.383012040102";"medium";"artificial";"semi"
"394";"yellow";"yellow";"RGB";"124";"152";"14";"28.231808416827";"81.078525032432";"81.078525032432";"medium";"artificial";"semi"
"395";"yellow";"yellow";"HSL";"62";"50";"33";"107.74204988923";"77.577770868448";"77.577770868448";"medium";"artificial";"semi"
"396";"yellow";"yellow";"RGB";"111";"119";"44";"47.82602453685";"91.840301191596";"91.840301191596";"medium";"artificial";"semi"
"397";"black";"red";"HSL";"81";"18";"26";"87.403177930747";"3.0753977770643";"56.398036070086";"medium";"artificial";"semi"
"398";"black";"yellow";"RGB";"78";"67";"57";"117.45931621093";"44.910197211201";"52.08804391926";"medium";"artificial";"semi"
"399";"black";"yellow";"HSL";"44";"14";"35";"57.891385273959";"0.64198456009358";"69.940146521676";"medium";"artificial";"semi"
"400";"black";"yellow";"RGB";"96";"91";"82";"155.70601685272";"27.464152523388";"53.62114390284";"medium";"artificial";"semi"
"401";"blue";"blue";"HSL";"199";"89";"53";"296.97812681948";"88.692562357483";"88.692562357483";"medium";"artificial";"semi+"
"402";"blue";"blue";"RGB";"46";"107";"227";"119.32806842136";"81.15120465917";"81.15120465917";"medium";"artificial";"semi+"
"403";"blueGreen";"blueGreen";"HSL";"170";"80";"42";"197.0534530335";"75.13578055267";"75.13578055267";"medium";"artificial";"semi+"
"404";"blueGreen";"blueGreen";"RGB";"39";"162";"174";"69.405834505806";"62.083693298747";"62.083693298747";"medium";"artificial";"semi+"
"405";"blueGreen";"blueGreen";"HSL";"167";"83";"38";"195.20121202963";"81.85193106044";"81.85193106044";"medium";"artificial";"semi+"
"406";"blueGreen";"blueGreen";"RGB";"23";"166";"173";"63.018184434477";"81.815365533944";"81.815365533944";"medium";"artificial";"semi+"
"407";"green";"green";"HSL";"109";"87";"38";"204.00703609537";"63.334426161054";"63.334426161054";"medium";"artificial";"semi+"
"408";"green";"green";"RGB";"32";"169";"23";"94.982173893489";"62.06614410316";"62.06614410316";"medium";"artificial";"semi+"
"409";"green";"green";"HSL";"140";"88";"32";"220.36276201458";"81.987133223223";"81.987133223223";"medium";"artificial";"semi+"
"410";"green";"blueGreen";"RGB";"13";"152";"65";"122.22819450784";"0";"81.93335707083";"medium";"artificial";"semi+"
"411";"purple";"purple";"HSL";"261";"86";"50";"176.76106140616";"60.483951514563";"60.483951514563";"medium";"artificial";"semi+"
"412";"purple";"white";"RGB";"138";"77";"178";"92.218437732696";"4.274555189963";"58.740994751606";"medium";"artificial";"semi+"
"413";"purple";"purple";"HSL";"255";"65";"53";"161.23919478547";"81.456425234502";"81.456425234502";"medium";"artificial";"semi+"
"414";"purple";"purple";"RGB";"167";"75";"194";"107.19820133426";"79.061439677321";"79.061439677321";"medium";"artificial";"semi+"
"415";"red";"red";"HSL";"15";"89";"38";"258.8105262458";"69.882476817851";"69.882476817851";"medium";"artificial";"semi+"
"416";"red";"red";"RGB";"182";"41";"12";"85.079247390599";"65.813659142708";"65.813659142708";"medium";"artificial";"semi+"
"417";"red";"red";"HSL";"8";"78";"44";"262.52663591941";"83.054135600546";"83.054135600546";"medium";"artificial";"semi+"
"418";"red";"red";"RGB";"198";"33";"24";"69.999399557086";"82.861828016755";"82.861828016755";"medium";"artificial";"semi+"
"419";"white";"blueGreen";"HSL";"159";"26";"58";"316.79494232856";"0.015179207758212";"66.31321871997";"medium";"artificial";"semi+"
"420";"white";"white";"RGB";"145";"152";"149";"184.16312730576";"65.886338769446";"65.886338769446";"medium";"artificial";"semi+"
"421";"white";"blueGreen";"HSL";"183";"14";"62";"316.79373207535";"0";"82.202237832793";"medium";"artificial";"semi+"
"422";"white";"white";"RGB";"155";"161";"162";"165.72303022459";"82.25827111645";"82.25827111645";"medium";"artificial";"semi+"
"423";"yellow";"yellow";"HSL";"73";"82";"36";"80.345438103581";"72.111055372508";"72.111055372508";"medium";"artificial";"semi+"
"424";"yellow";"yellow";"RGB";"123";"156";"23";"36.512838409701";"70.818622010077";"70.818622010077";"medium";"artificial";"semi+"
"425";"yellow";"yellow";"HSL";"68";"38";"49";"118.93658381564";"84.492323214426";"84.492323214426";"medium";"artificial";"semi+"
"426";"yellow";"yellow";"RGB";"150";"162";"85";"94.082417393301";"91.737601719031";"91.737601719031";"medium";"artificial";"semi+"
"427";"black";"red";"HSL";"122";"21";"28";"126.7972465407";"3.4388523390369";"35.009911627668";"medium";"artificial";"semi+"
"428";"black";"yellow";"RGB";"82";"72";"63";"126.17083488305";"40.991478765191";"46.122050987467";"medium";"artificial";"semi+"
"429";"black";"red";"HSL";"124";"8";"30";"127.53383392247";"0.01235779367676";"40.142458839801";"medium";"artificial";"semi+"
"430";"black";"black";"RGB";"80";"77";"74";"133.19424810367";"48.503832326747";"48.503832326747";"medium";"artificial";"semi+"
"431";"blue";"blue";"HSL";"234";"99";"39";"333.32105071213";"71.643716344057";"71.643716344057";"medium";"none";"Dark"
"432";"blue";"blue";"RGB";"12";"55";"185";"89.462663426409";"71.427596025418";"71.427596025418";"medium";"none";"Dark"
"433";"blue";"blue";"HSL";"221";"98";"46";"319.55581521548";"70.888398465852";"70.888398465852";"medium";"none";"Dark"
"434";"blue";"blue";"RGB";"5";"83";"229";"86.783899318444";"74.593712350923";"74.593712350923";"medium";"none";"Dark"
"435";"blue";"blue";"HSL";"218";"98";"47";"317.47554613688";"58.210307971749";"58.210307971749";"medium";"none";"Dark"
"436";"blue";"blue";"RGB";"4";"93";"233";"95.525116667651";"60.814675356734";"60.814675356734";"medium";"none";"Dark"
"437";"blueGreen";"blueGreen";"HSL";"177";"76";"39";"204.53615303024";"69.707267003393";"69.707267003393";"medium";"none";"Dark"
"438";"blueGreen";"blueGreen";"RGB";"32";"168";"142";"53.180714362026";"69.662801517469";"69.662801517469";"medium";"none";"Dark"
"439";"blueGreen";"blueGreen";"HSL";"194";"99";"39";"215.13370187829";"99.999926313734";"99.999926313734";"medium";"none";"Dark"
"440";"blueGreen";"blueGreen";"RGB";"1";"165";"200";"81.10417281655";"99.959325181176";"99.959325181176";"medium";"none";"Dark"
"441";"blueGreen";"blueGreen";"HSL";"193";"99";"40";"214.09429899618";"99.999705254936";"99.999705254936";"medium";"none";"Dark"
"442";"blueGreen";"blueGreen";"RGB";"1";"170";"205";"87.97913502722";"99.999778941202";"99.999778941202";"medium";"none";"Dark"
"443";"green";"green";"HSL";"114";"83";"41";"210.73598362737";"70.330517373986";"70.330517373986";"medium";"none";"Dark"
"444";"green";"green";"RGB";"34";"177";"34";"91.595413374539";"69.935011548048";"69.935011548048";"medium";"none";"Dark"
"445";"green";"green";"HSL";"131";"97";"35";"208.06554209824";"97.732084105504";"97.732084105504";"medium";"none";"Dark"
"446";"green";"green";"RGB";"2";"174";"39";"89.673368244206";"65.268789076748";"65.268789076748";"medium";"none";"Dark"
"447";"green";"green";"HSL";"131";"97";"36";"208.32780472956";"99.494364842809";"99.494364842809";"medium";"none";"Dark"
"448";"green";"green";"RGB";"2";"180";"41";"85.392176603359";"67.860703482781";"67.860703482781";"medium";"none";"Dark"
"449";"purple";"purple";"HSL";"306";"90";"50";"213.98743796089";"71.311523050107";"71.311523050107";"medium";"none";"Dark"
"450";"purple";"white";"RGB";"183";"71";"168";"98.639365245021";"8.0229166537352";"63.17597554624";"medium";"none";"Dark"
"451";"purple";"purple";"HSL";"289";"93";"53";"200.76967055649";"99.982094237366";"99.982094237366";"medium";"none";"Dark"
"452";"purple";"purple";"RGB";"189";"57";"213";"119.36580544383";"51.860025569134";"51.860025569134";"medium";"none";"Dark"
"453";"purple";"purple";"HSL";"289";"93";"53";"200.88464634352";"99.929629615984";"99.929629615984";"medium";"none";"Dark"
"454";"purple";"white";"RGB";"189";"60";"212";"120.07372703688";"47.478124389786";"52.521875610214";"medium";"none";"Dark"
"455";"red";"red";"HSL";"244";"88";"45";"99.745183855636";"72.361991940913";"72.361991940913";"medium";"none";"Dark"
"456";"red";"red";"RGB";"181";"48";"50";"101.17481388641";"72.10417112215";"72.10417112215";"medium";"none";"Dark"
"457";"red";"red";"HSL";"11";"87";"39";"262.09846842422";"97.783443432896";"97.783443432896";"medium";"none";"Dark"
"458";"red";"red";"RGB";"184";"53";"18";"90.545353217307";"72.764524484104";"72.764524484104";"medium";"none";"Dark"
"459";"red";"red";"HSL";"11";"88";"38";"262.22560587917";"93.593126545109";"93.593126545109";"medium";"none";"Dark"
"460";"red";"red";"RGB";"178";"51";"17";"94.47779814958";"68.564702068005";"68.564702068005";"medium";"none";"Dark"
"461";"white";"yellow";"HSL";"101";"12";"55";"349.8267652717";"0";"72.366111205472";"medium";"none";"Dark"
"462";"white";"white";"RGB";"143";"142";"137";"197.37431383513";"72.150047315114";"72.150047315114";"medium";"none";"Dark"
"463";"white";"yellow";"HSL";"78";"13";"64";"355.61990429357";"6.7148820467097";"35.218792945277";"medium";"none";"Dark"
"464";"white";"white";"RGB";"164";"164";"163";"158.17374594741";"71.956923008905";"71.956923008905";"medium";"none";"Dark"
"465";"white";"white";"HSL";"86";"34";"73";"332.93172593867";"62.765666621227";"62.765666621227";"medium";"none";"Dark"
"466";"white";"white";"RGB";"185";"188";"187";"118.44942040356";"65.09990015511";"65.09990015511";"medium";"none";"Dark"
"467";"yellow";"yellow";"HSL";"46";"77";"36";"103.26883535886";"70.849262567002";"70.849262567002";"medium";"none";"Dark"
"468";"yellow";"yellow";"RGB";"163";"140";"21";"42.339856282652";"70.855808247671";"70.855808247671";"medium";"none";"Dark"
"469";"yellow";"yellow";"HSL";"73";"61";"39";"95.316460412899";"79.58978855726";"79.58978855726";"medium";"none";"Dark"
"470";"yellow";"yellow";"RGB";"137";"152";"46";"52.79214321242";"72.567413722593";"72.567413722593";"medium";"none";"Dark"
"471";"yellow";"yellow";"HSL";"73";"65";"38";"91.477940208254";"76.709171361096";"76.709171361096";"medium";"none";"Dark"
"472";"yellow";"yellow";"RGB";"135";"150";"41";"47.307749665156";"68.513490113145";"68.513490113145";"medium";"none";"Dark"
"473";"black";"black";"HSL";"280";"36";"2";"282.2328734775";"100";"100";"medium";"none";"Dark"
"474";"black";"black";"RGB";"6";"4";"7";"10.111521485284";"100";"100";"medium";"none";"Dark"
"475";"black";"black";"HSL";"106";"7";"28";"109.86124410424";"34.062508059435";"34.062508059435";"medium";"none";"Dark"
"476";"black";"yellow";"RGB";"74";"72";"69";"124.52402034038";"34.889046904993";"37.088729317186";"medium";"none";"Dark"
"477";"black";"blueGreen";"HSL";"104";"7";"30";"108.12192672813";"28.155595919255";"29.58437261671";"medium";"none";"Dark"
"478";"black";"yellow";"RGB";"78";"77";"74";"132.01768714629";"28.846773094197";"38.558328205997";"medium";"none";"Dark"
"479";"blue";"blue";"HSL";"229";"100";"44";"326.67585436249";"100";"100";"medium";"none";"full"
"480";"blue";"blue";"RGB";"24";"64";"203";"86.339130804448";"64.542104244479";"64.542104244479";"medium";"none";"full"
"481";"blue";"blue";"HSL";"219";"98";"47";"317.73957341779";"62.434152110559";"62.434152110559";"medium";"none";"full"
"482";"blue";"blue";"RGB";"5";"89";"236";"90.779214746628";"64.716805258252";"64.716805258252";"medium";"none";"full"
"483";"blue";"blue";"HSL";"221";"98";"46";"319.41839931186";"65.462510270023";"65.462510270023";"medium";"none";"full"
"484";"blue";"blue";"RGB";"4";"82";"231";"85.649039486334";"67.481440271755";"67.481440271755";"medium";"none";"full"
"485";"blueGreen";"blueGreen";"HSL";"165";"90";"31";"195.47941556516";"65.589356723232";"65.589356723232";"medium";"none";"full"
"486";"blueGreen";"blueGreen";"RGB";"12";"148";"119";"24.644930865328";"63.882119062546";"63.882119062546";"medium";"none";"full"
"487";"blueGreen";"blueGreen";"HSL";"194";"100";"40";"215.14153372597";"100";"100";"medium";"none";"full"
"488";"blueGreen";"blueGreen";"RGB";"0";"165";"204";"84.192933106829";"100";"100";"medium";"none";"full"
"489";"blueGreen";"blueGreen";"HSL";"195";"99";"39";"216.09726095166";"100";"100";"medium";"none";"full"
"490";"blueGreen";"blueGreen";"RGB";"1";"159";"199";"77.499098888915";"100";"100";"medium";"none";"full"
"491";"green";"green";"HSL";"117";"92";"34";"203.63770891364";"90.13515137733";"90.13515137733";"medium";"none";"full"
"492";"green";"green";"RGB";"21";"162";"10";"95.60736034847";"64.404080667614";"64.404080667614";"medium";"none";"full"
"493";"green";"green";"HSL";"131";"99";"34";"207.00780544429";"99.99101027555";"99.99101027555";"medium";"none";"full"
"494";"green";"green";"RGB";"1";"174";"40";"90.737750313836";"59.007077565848";"59.007077565848";"medium";"none";"full"
"495";"green";"green";"HSL";"131";"99";"34";"206.97342147463";"99.987104903453";"99.987104903453";"medium";"none";"full"
"496";"green";"green";"RGB";"1";"172";"40";"91.805243405386";"57.983280586248";"57.983280586248";"medium";"none";"full"
"497";"purple";"purple";"HSL";"299";"97";"40";"215.26640495348";"99.995429309188";"99.995429309188";"medium";"none";"full"
"498";"purple";"purple";"RGB";"185";"16";"183";"80.316468332595";"99.250463135121";"99.250463135121";"medium";"none";"full"
"499";"purple";"purple";"HSL";"288";"92";"54";"199.03793676631";"96.883660438949";"96.883660438949";"medium";"none";"full"
"500";"purple";"white";"RGB";"189";"61";"217";"123.72992028822";"45.390224043092";"54.609775956908";"medium";"none";"full"
"501";"purple";"purple";"HSL";"287";"92";"52";"198.2572079892";"94.517889183225";"94.517889183225";"medium";"none";"full"
"502";"purple";"purple";"RGB";"177";"57";"208";"109.86316627234";"50.040637975691";"50.040637975691";"medium";"none";"full"
"503";"red";"red";"HSL";"63";"100";"40";"219.6449328872";"99.999492145465";"99.999492145465";"medium";"none";"full"
"504";"red";"black";"RGB";"171";"31";"31";"95.016839242611";"49.303816075402";"50.666502648461";"medium";"none";"full"
"505";"red";"red1";"HSL";"9";"96";"40";"267.13457515626";"100";"100";"medium";"none";"full"
"506";"red";"red";"RGB";"191";"45";"12";"79.217967106269";"61.377933173925";"61.377933173925";"medium";"none";"full"
"507";"red";"red1";"HSL";"10";"95";"38";"265.2983112574";"99.992336628338";"99.992336628338";"medium";"none";"full"
"508";"red";"red";"RGB";"184";"46";"8";"85.202296625058";"60.792937908268";"60.792937908268";"medium";"none";"full"
"509";"white";"yellow";"HSL";"126";"50";"45";"320.76048316777";"0.000056428281629039";"53.800077983885";"medium";"none";"full"
"510";"white";"white";"RGB";"113";"116";"115";"242.93884177193";"54.226675793001";"54.226675793001";"medium";"none";"full"
"511";"white";"yellow";"HSL";"103";"17";"57";"344.9938404743";"4.320373147251";"44.076250548042";"medium";"none";"full"
"512";"white";"white";"RGB";"146";"146";"144";"189.63230411048";"59.942893143861";"59.942893143861";"medium";"none";"full"
"513";"white";"red";"HSL";"92";"17";"63";"346.54926319968";"0.0005158038618972";"47.266276375078";"medium";"none";"full"
"514";"white";"white";"RGB";"162";"161";"159";"164.02637091212";"64.121346542825";"64.121346542825";"medium";"none";"full"
"515";"yellow";"green";"HSL";"103";"69";"44";"77.941207620136";"0.030979126614343";"67.501936900767";"medium";"none";"full"
"516";"yellow";"yellow";"RGB";"103";"151";"73";"80.507502364311";"67.345404847528";"67.345404847528";"medium";"none";"full"
"517";"yellow";"yellow";"HSL";"76";"77";"34";"80.96313743929";"78.621108904617";"78.621108904617";"medium";"none";"full"
"518";"yellow";"yellow";"RGB";"127";"149";"25";"33.142248197213";"61.102788656736";"61.102788656736";"medium";"none";"full"
"519";"yellow";"yellow";"HSL";"77";"67";"38";"88.04976642481";"69.846032547224";"69.846032547224";"medium";"none";"full"
"520";"yellow";"yellow";"RGB";"128";"149";"44";"48.648970580079";"60.599290401259";"60.599290401259";"medium";"none";"full"
"521";"black";"blueGreen";"HSL";"232";"44";"19";"236.47601726625";"36.272776570526";"63.561606422893";"medium";"none";"full"
"522";"black";"blueGreen";"RGB";"32";"49";"64";"86.667383337229";"36.745927711986";"63.254072288014";"medium";"none";"full"
"523";"black";"black";"HSL";"206";"11";"33";"208.79905617051";"37.317525173071";"37.317525173071";"medium";"none";"full"
"524";"black";"black";"RGB";"82";"82";"87";"144.8015737298";"38.859999778941";"38.859999778941";"medium";"none";"full"
"525";"black";"black";"HSL";"180";"9";"32";"183.40288784218";"40.199026604426";"40.199026604426";"medium";"none";"full"
"526";"black";"black";"RGB";"81";"80";"82";"140.03332629443";"41.217444486609";"41.217444486609";"medium";"none";"full"
"527";"blue";"black";"HSL";"234";"98";"25";"342.72038321329";"47.079526070148";"52.920473929852";"medium";"none";"semi"
"528";"blue";"black";"RGB";"8";"39";"119";"141.62626950208";"38.306395412155";"61.640336289987";"medium";"none";"semi"
"529";"blue";"blue";"HSL";"221";"98";"44";"320.71948881712";"63.949068052951";"63.949068052951";"medium";"none";"semi"
"530";"blue";"blue";"RGB";"4";"82";"222";"88.38085571292";"65.794319525755";"65.794319525755";"medium";"none";"semi"
"531";"blue";"blue";"HSL";"220";"98";"45";"319.69639903723";"64.481009207099";"64.481009207099";"medium";"none";"semi"
"532";"blue";"blue";"RGB";"5";"85";"226";"89.972944011126";"67.458302784236";"67.458302784236";"medium";"none";"semi"
"533";"blueGreen";"blueGreen";"HSL";"192";"100";"31";"217.15007041175";"73.076712556026";"73.076712556026";"medium";"none";"semi"
"534";"blueGreen";"blueGreen";"RGB";"23";"125";"137";"24.778895323287";"52.06829402069";"52.06829402069";"medium";"none";"semi"
"535";"blueGreen";"blueGreen";"HSL";"196";"99";"37";"217.68118051126";"99.869796368004";"99.869796368004";"medium";"none";"semi"
"536";"blueGreen";"blueGreen";"RGB";"1";"154";"190";"67.025518059602";"97.594659219441";"97.594659219441";"medium";"none";"semi"
"537";"blueGreen";"blueGreen";"HSL";"194";"99";"40";"215.15698085267";"99.661190549";"99.661190549";"medium";"none";"semi"
"538";"blueGreen";"blueGreen";"RGB";"1";"168";"202";"83.736693791344";"99.613515534907";"99.613515534907";"medium";"none";"semi"
"539";"green";"black";"HSL";"135";"100";"27";"207.33599430944";"43.77502946967";"56.224519104077";"medium";"none";"semi"
"540";"green";"black";"RGB";"17";"119";"54";"147.10400807617";"5.7784817519401";"60.743690894902";"medium";"none";"semi"
"541";"green";"green";"HSL";"131";"98";"33";"207.5388288874";"95.878211339579";"95.878211339579";"medium";"none";"semi"
"542";"green";"green";"RGB";"1";"167";"41";"97.41610792311";"58.824851430066";"58.824851430066";"medium";"none";"semi"
"543";"green";"green";"HSL";"132";"98";"35";"207.70585454034";"98.009733955737";"98.009733955737";"medium";"none";"semi"
"544";"green";"green";"RGB";"1";"177";"43";"89.03995629524";"65.743697061023";"65.743697061023";"medium";"none";"semi"
"545";"purple";"purple";"HSL";"288";"100";"35";"210.20513225321";"58.80142944123";"58.80142944123";"medium";"none";"semi"
"546";"purple";"black";"RGB";"120";"52";"128";"52.414770078531";"5.2090639620215";"55.950164798797";"medium";"none";"semi"
"547";"purple";"purple";"HSL";"286";"93";"50";"198.8812104788";"59.368950818102";"59.368950818102";"medium";"none";"semi"
"548";"purple";"white";"RGB";"172";"57";"200";"102.12610755757";"48.121331805571";"51.829666827548";"medium";"none";"semi"
"549";"purple";"purple";"HSL";"287";"94";"53";"199.35049192877";"63.717766864023";"63.717766864023";"medium";"none";"semi"
"550";"purple";"white";"RGB";"183";"62";"209";"115.9936583911";"41.529358450525";"58.470641549475";"medium";"none";"semi"
"551";"red";"black";"HSL";"236";"99";"28";"104.72741027364";"42.052217603254";"57.947782396746";"medium";"none";"semi"
"552";"red";"black";"RGB";"114";"26";"28";"145.71785778108";"39.026476714023";"60.94592985626";"medium";"none";"semi"
"553";"red";"red";"HSL";"10";"91";"35";"263.62431160773";"75.007239675633";"75.007239675633";"medium";"none";"semi"
"554";"red";"red";"RGB";"163";"46";"13";"103.72365566799";"58.761702300117";"58.761702300117";"medium";"none";"semi"
"555";"red";"red";"HSL";"11";"92";"39";"263.33029904147";"81.267109029883";"81.267109029883";"medium";"none";"semi"
"556";"red";"red";"RGB";"180";"55";"17";"94.341526569069";"66.727408711927";"66.727408711927";"medium";"none";"semi"
"557";"white";"white";"HSL";"145";"36";"47";"321.56595021107";"31.381629547203";"31.381629547203";"medium";"none";"semi"
"558";"white";"black";"RGB";"118";"122";"123";"232.57987564155";"41.134919457092";"49.734194579386";"medium";"none";"semi"
"559";"white";"blueGreen";"HSL";"112";"18";"56";"340.46176040614";"19.506228331632";"41.001691099804";"medium";"none";"semi"
"560";"white";"white";"RGB";"141";"144";"146";"193.0232784107";"56.370361910095";"56.370361910095";"medium";"none";"semi"
"561";"white";"yellow";"HSL";"103";"17";"60";"343.6017903787";"15.970319172061";"37.030001363196";"medium";"none";"semi"
"562";"white";"white";"RGB";"150";"153";"154";"178.32335002982";"61.687415491064";"61.687415491064";"medium";"none";"semi"
"563";"yellow";"black";"HSL";"104";"77";"31";"64.388194152189";"38.988444052205";"57.179454914085";"medium";"none";"semi"
"564";"yellow";"black";"RGB";"80";"108";"49";"71.95166000125";"7.4673237928157";"60.890686568545";"medium";"none";"semi"
"565";"yellow";"yellow";"HSL";"79";"65";"37";"87.481667092989";"61.433713677276";"61.433713677276";"medium";"none";"semi"
"566";"yellow";"yellow";"RGB";"122";"140";"46";"47.974491339486";"61.394217838708";"61.394217838708";"medium";"none";"semi"
"567";"yellow";"yellow";"HSL";"79";"65";"39";"89.119838259923";"65.781277056676";"65.781277056676";"medium";"none";"semi"
"568";"yellow";"yellow";"RGB";"129";"148";"49";"52.684171520153";"65.638252014398";"65.638252014398";"medium";"none";"semi"
"569";"black";"black";"HSL";"262";"38";"3";"265.18731155843";"99.979347248924";"99.979347248924";"medium";"none";"semi"
"570";"black";"black";"RGB";"7";"6";"9";"12.762113128787";"99.981886521597";"99.981886521597";"medium";"none";"semi"
"571";"black";"black";"HSL";"207";"9";"30";"209.04779668082";"39.589493812196";"39.589493812196";"medium";"none";"semi"
"572";"black";"black";"RGB";"74";"74";"78";"130.50667571819";"39.982167923632";"39.982167923632";"medium";"none";"semi"
"573";"black";"black";"HSL";"157";"8";"29";"159.55732150684";"41.812166339377";"41.812166339377";"medium";"none";"semi"
"574";"black";"black";"RGB";"74";"74";"73";"127.2458251151";"42.563545193629";"42.563545193629";"medium";"none";"semi"
"575";"blue";"blue";"HSL";"225";"100";"50";"320.62598555146";"100";"100";"medium";"none";"semi+"
"576";"blue";"blue";"RGB";"31";"84";"223";"94.490226067721";"69.196703911213";"69.196703911213";"medium";"none";"semi+"
"577";"blue";"blue";"HSL";"219";"98";"48";"317.0666004908";"61.414481561854";"61.414481561854";"medium";"none";"semi+"
"578";"blue";"blue";"RGB";"4";"92";"239";"93.321512054734";"65.090247254266";"65.090247254266";"medium";"none";"semi+"
"579";"blue";"blue";"HSL";"220";"98";"47";"318.30454759839";"65.304232170687";"65.304232170687";"medium";"none";"semi+"
"580";"blue";"blue";"RGB";"5";"86";"235";"88.874071223885";"68.98235582361";"68.98235582361";"medium";"none";"semi+"
"581";"blueGreen";"blueGreen";"HSL";"202";"92";"35";"225.68704645756";"57.402741624491";"57.402741624491";"medium";"none";"semi+"
"582";"blueGreen";"blueGreen";"RGB";"14";"124";"162";"37.005409597983";"56.777911262013";"56.777911262013";"medium";"none";"semi+"
"583";"blueGreen";"blueGreen";"HSL";"193";"99";"41";"213.58451235681";"100";"100";"medium";"none";"semi+"
"584";"blueGreen";"blueGreen";"RGB";"1";"172";"208";"90.843139023571";"100";"100";"medium";"none";"semi+"
"585";"blueGreen";"blueGreen";"HSL";"193";"99";"40";"214.06037700917";"100";"100";"medium";"none";"semi+"
"586";"blueGreen";"blueGreen";"RGB";"1";"169";"205";"87.45780456959";"100";"100";"medium";"none";"semi+"
"587";"green";"green";"HSL";"121";"94";"27";"202.81654779258";"64.351207367728";"64.351207367728";"medium";"none";"semi+"
"588";"green";"green";"RGB";"6";"129";"8";"126.14578779475";"56.795009031346";"56.795009031346";"medium";"none";"semi+"
"589";"green";"green";"HSL";"132";"97";"36";"208.76806498228";"99.999115764808";"99.999115764808";"medium";"none";"semi+"
"590";"green";"green";"RGB";"2";"184";"44";"83.348822448831";"64.895273394468";"64.895273394468";"medium";"none";"semi+"
"591";"green";"green";"HSL";"132";"98";"36";"208.42543821052";"99.998084157084";"99.998084157084";"medium";"none";"semi+"
"592";"green";"green";"RGB";"2";"180";"43";"86.121197151389";"62.683359062121";"62.683359062121";"medium";"none";"semi+"
"593";"purple";"purple";"HSL";"297";"100";"53";"210.52769253074";"100";"100";"medium";"none";"semi+"
"594";"purple";"white";"RGB";"205";"60";"210";"127.34701253243";"30.657146839367";"69.342853160633";"medium";"none";"semi+"
"595";"purple";"purple";"HSL";"289";"93";"55";"199.96874166166";"100";"100";"medium";"none";"semi+"
"596";"purple";"white";"RGB";"194";"63";"220";"129.30801072653";"41.4455771661";"58.5544228339";"medium";"none";"semi+"
"597";"purple";"purple";"HSL";"289";"93";"54";"199.53129124904";"100";"100";"medium";"none";"semi+"
"598";"purple";"white";"RGB";"189";"61";"216";"123.17557472003";"44.02194377001";"55.97805622999";"medium";"none";"semi+"
"599";"red";"red";"HSL";"179";"100";"47";"133.9003864943";"99.991253616347";"99.991253616347";"medium";"none";"semi+"
"600";"red";"red";"RGB";"189";"51";"52";"98.562864017914";"61.066517094101";"61.066517094101";"medium";"none";"semi+"
"601";"red";"red";"HSL";"12";"96";"39";"264.38173007348";"100";"100";"medium";"none";"semi+"
"602";"red";"red";"RGB";"191";"48";"6";"79.959814422335";"63.547993707193";"63.547993707193";"medium";"none";"semi+"
"603";"red";"red1";"HSL";"11";"93";"39";"264.14525301516";"99.91172385335";"99.91172385335";"medium";"none";"semi+"
"604";"red";"red";"RGB";"185";"50";"12";"87.10653674504";"64.807218306616";"64.807218306616";"medium";"none";"semi+"
"605";"white";"yellow";"HSL";"112";"40";"52";"328.90029062561";"0.0024264161100487";"59.317240363601";"medium";"none";"semi+"
"606";"white";"white";"RGB";"130";"132";"134";"212.53420502236";"62.914656174016";"62.914656174016";"medium";"none";"semi+"
"607";"white";"blueGreen";"HSL";"94";"15";"62";"347.69216655096";"9.2043725430236";"33.981895284447";"medium";"none";"semi+"
"608";"white";"white";"RGB";"158";"159";"158";"167.72490919022";"63.968447540905";"63.968447540905";"medium";"none";"semi+"
"609";"white";"white";"HSL";"66";"5";"85";"356.67174914983";"65.589913823912";"65.589913823912";"medium";"none";"semi+"
"610";"white";"white";"RGB";"212";"219";"221";"65.074759319716";"73.981747911915";"73.981747911915";"medium";"none";"semi+"
"611";"yellow";"yellow";"HSL";"82";"90";"27";"65.566940482838";"57.704294361517";"57.704294361517";"medium";"none";"semi+"
"612";"yellow";"yellow";"RGB";"116";"125";"12";"17.004957907165";"57.684883032636";"57.684883032636";"medium";"none";"semi+"
"613";"yellow";"yellow";"HSL";"77";"64";"39";"90.335355207596";"69.010135545886";"69.010135545886";"medium";"none";"semi+"
"614";"yellow";"yellow";"RGB";"130";"153";"47";"52.888548762305";"63.95385766024";"63.95385766024";"medium";"none";"semi+"
"615";"yellow";"yellow";"HSL";"79";"66";"38";"87.160514680946";"63.48160238154";"63.48160238154";"medium";"none";"semi+"
"616";"yellow";"yellow";"RGB";"124";"150";"43";"48.067671975976";"63.361788513048";"63.361788513048";"medium";"none";"semi+"
"617";"black";"black";"HSL";"241";"52";"6";"246.85238928446";"77.391783252199";"77.391783252199";"medium";"none";"semi+"
"618";"black";"black";"RGB";"10";"14";"23";"28.641724714278";"99.941483871951";"99.941483871951";"medium";"none";"semi+"
"619";"black";"blue";"HSL";"246";"14";"35";"249.01355268631";"32.026409157729";"51.960091518342";"medium";"none";"semi+"
"620";"black";"blueGreen";"RGB";"83";"84";"96";"152.42112305249";"34.895973413995";"38.647267529042";"medium";"none";"semi+"
"621";"black";"black";"HSL";"151";"7";"31";"154.39717647714";"35.953739762214";"35.953739762214";"medium";"none";"semi+"
"622";"black";"black";"RGB";"80";"79";"78";"137.12212087315";"36.318928896438";"36.318928896438";"medium";"none";"semi+"
